{
  "project_info": {
    "project_number": "98535037793",
    "project_id": "windmovieapp",
    "storage_bucket": "windmovieapp.appspot.com"
  },
  "client": [
    {
      "client_info": {
        "mobilesdk_app_id": "1:98535037793:android:6b0cb99aabefcd500c4320",
        "android_client_info": {
          "package_name": "com.example.windmovie"
        }
      },
      "oauth_client": [
        {
          "client_id": "98535037793-57pi6u3t9eanrrojjlmg5apts0etal1l.apps.googleusercontent.com",
          "client_type": 3
        }
      ],
      "api_key": [
        {
          "current_key": "AIzaSyCSQoaYUkMJnivsQvLUeJkFL5u83e-TWN0"
        }
      ],
      "services": {
        "appinvite_service": {
          "other_platform_oauth_client": [
            {
              "client_id": "98535037793-57pi6u3t9eanrrojjlmg5apts0etal1l.apps.googleusercontent.com",
              "client_type": 3
            }
          ]
        }
      }
    }
  ],
  "configuration_version": "1"
}